{
    "rmse": 0.7797931463297048,
    "mae": 0.6402611962971246,
    "r2": 0.7196240841213851
}